Workbook

Sheet Transactions_View
A1: transaction_id | B1: user_id | C1: merchant_id | D1: transaction_time | E1: amount_inr | F1: payment_method | G1: status | H1: risk_score | I1: transaction_date | J1: merchant_name | K1: category | L1: region | M1: fee_tier | N1: merchant_day_total | O1: classification
A2: TXN100000 | B2: 350 | C2: 16 | D2: 46051.467 | E2: 2999 | F2: Wallet | G2: captured | H2: 85 | I2: =INT(D2) | J2: =IFERROR(VLOOKUP(C2,Merchants!$A$2:$D$41,2,FALSE),"Merchant not found") | K2: =IFERROR(VLOOKUP(C2,Merchants!$A$2:$D$41,3,FALSE),"Merchant not found") | L2: =IFERROR(VLOOKUP(C2,Merchants!$A$2:$D$41,4,FALSE),"Merchant not found") | M2: =HLOOKUP(F2,Fee_Reference!$B$1:$E$2,2,FALSE) | N2: =SUMIFS($E$2:$E$548,$C$2:$C$548,C2,$I$2:$I$548,I2) | O2: =IF(J2="Merchant not found","Merchant not found",IF(AND(N2>5000,L2<>"East"),"High-Value Merchant Day","Normal Merchant Day"))
A3: TXN100001 | B3: 287 | C3: 27 | D3: 46026.492 | E3: 49 | F3: UPI | G3: captured | H3: 79 | I3: =INT(D3) | J3: =IFERROR(VLOOKUP(C3,Merchants!$A$2:$D$41,2,FALSE),"Merchant not found") | K3: =IFERROR(VLOOKUP(C3,Merchants!$A$2:$D$41,3,FALSE),"Merchant not found") | L3: =IFERROR(VLOOKUP(C3,Merchants!$A$2:$D$41,4,FALSE),"Merchant not found") | M3: =HLOOKUP(F3,Fee_Reference!$B$1:$E$2,2,FALSE) | N3: =SUMIFS($E$2:$E$548,$C$2:$C$548,C3,$I$2:$I$548,I3) | O3: =IF(J3="Merchant not found","Merchant not found",IF(AND(N3>5000,L3<>"East"),"High-Value Merchant Day","Normal Merchant Day"))
A4: TXN100002 | B4: 122 | C4: 11 | D4: 46046.208 | E4: 1499 | F4: Wallet | G4: captured | H4: 22 | I4: =INT(D4) | J4: =IFERROR(VLOOKUP(C4,Merchants!$A$2:$D$41,2,FALSE),"Merchant not found") | K4: =IFERROR(VLOOKUP(C4,Merchants!$A$2:$D$41,3,FALSE),"Merchant not found") | L4: =IFERROR(VLOOKUP(C4,Merchants!$A$2:$D$41,4,FALSE),"Merchant not found") | M4: =HLOOKUP(F4,Fee_Reference!$B$1:$E$2,2,FALSE) | N4: =SUMIFS($E$2:$E$548,$C$2:$C$548,C4,$I$2:$I$548,I4) | O4: =IF(J4="Merchant not found","Merchant not found",IF(AND(N4>5000,L4<>"East"),"High-Value Merchant Day","Normal Merchant Day"))
A5: TXN100003 | B5: 92 | C5: 22 | D5: 46051.542 | E5: 49 | F5: Netbanking | G5: captured | H5: 100 | I5: =INT(D5) | J5: =IFERROR(VLOOKUP(C5,Merchants!$A$2:$D$41,2,FALSE),"Merchant not found") | K5: =IFERROR(VLOOKUP(C5,Merchants!$A$2:$D$41,3,FALSE),"Merchant not found") | L5: =IFERROR(VLOOKUP(C5,Merchants!$A$2:$D$41,4,FALSE),"Merchant not found") | M5: =HLOOKUP(F5,Fee_Reference!$B$1:$E$2,2,FALSE) | N5: =SUMIFS($E$2:$E$548,$C$2:$C$548,C5,$I$2:$I$548,I5) | O5: =IF(J5="Merchant not found","Merchant not found",IF(AND(N5>5000,L5<>"East"),"High-Value Merchant Day","Normal Merchant Day"))
A6: TXN100004 | B6: 343 | C6: 16 | D6: 46052.577 | E6: 99 | F6: UPI | G6: captured | H6: 34 | I6: =INT(D6) | J6: =IFERROR(VLOOKUP(C6,Merchants!$A$2:$D$41,2,FALSE),"Merchant not found") | K6: =IFERROR(VLOOKUP(C6,Merchants!$A$2:$D$41,3,FALSE),"Merchant not found") | L6: =IFERROR(VLOOKUP(C6,Merchants!$A$2:$D$41,4,FALSE),"Merchant not found") | M6: =HLOOKUP(F6,Fee_Reference!$B$1:$E$2,2,FALSE) | N6: =SUMIFS($E$2:$E$548,$C$2:$C$548,C6,$I$2:$I$548,I6) | O6: =IF(J6="Merchant not found","Merchant not found",IF(AND(N6>5000,L6<>"East"),"High-Value Merchant Day","Normal Merchant Day"))
A7: TXN100005 | B7: 196 | C7: 3 | D7: 46028.921 | E7: 99 | F7: UPI | G7: captured | H7: 60 | I7: =INT(D7) | J7: =IFERROR(VLOOKUP(C7,Merchants!$A$2:$D$41,2,FALSE),"Merchant not found") | K7: =IFERROR(VLOOKUP(C7,Merchants!$A$2:$D$41,3,FALSE),"Merchant not found") | L7: =IFERROR(VLOOKUP(C7,Merchants!$A$2:$D$41,4,FALSE),"Merchant not found") | M7: =HLOOKUP(F7,Fee_Reference!$B$1:$E$2,2,FALSE) | N7: =SUMIFS($E$2:$E$548,$C$2:$C$548,C7,$I$2:$I$548,I7) | O7: =IF(J7="Merchant not found","Merchant not found",IF(AND(N7>5000,L7<>"East"),"High-Value Merchant Day","Normal Merchant Day"))
A8: TXN100006 | B8: 236 | C8: 23 | D8: 46030.286 | E8: 99 | F8: Wallet | G8: captured | H8: 39 | I8: =INT(D8) | J8: =IFERROR(VLOOKUP(C8,Merchants!$A$2:$D$41,2,FALSE),"Merchant not found") | K8: =IFERROR(VLOOKUP(C8,Merchants!$A$2:$D$41,3,FALSE),"Merchant not found") | L8: =IFERROR(VLOOKUP(C8,Merchants!$A$2:$D$41,4,FALSE),"Merchant not found") | M8: =HLOOKUP(F8,Fee_Reference!$B$1:$E$2,2,FALSE) | N8: =SUMIFS($E$2:$E$548,$C$2:$C$548,C8,$I$2:$I$548,I8) | O8: =IF(J8="Merchant not found","Merchant not found",IF(AND(N8>5000,L8<>"East"),"High-Value Merchant Day","Normal Merchant Day"))
A9: TXN100007 | B9: 13 | C9: 13 | D9: 46049.301 | E9: 99 | F9: UPI | G9: captured | H9: 51 | I9: =INT(D9) | J9: =IFERROR(VLOOKUP(C9,Merchants!$A$2:$D$41,2,FALSE),"Merchant not found") | K9: =IFERROR(VLOOKUP(C9,Merchants!$A$2:$D$41,3,FALSE),"Merchant not found") | L9: =IFERROR(VLOOKUP(C9,Merchants!$A$2:$D$41,4,FALSE),"Merchant not found") | M9: =HLOOKUP(F9,Fee_Reference!$B$1:$E$2,2,FALSE) | N9: =SUMIFS($E$2:$E$548,$C$2:$C$548,C9,$I$2:$I$548,I9) | O9: =IF(J9="Merchant not found","Merchant not found",IF(AND(N9>5000,L9<>"East"),"High-Value Merchant Day","Normal Merchant Day"))
A10: TXN100008 | B10: 36 | C10: 18 | D10: 46033.372 | E10: 799 | F10: UPI | G10: captured | H10: 44 | I10: =INT(D10) | J10: =IFERROR(VLOOKUP(C10,Merchants!$A$2:$D$41,2,FALSE),"Merchant not found") | K10: =IFERROR(VLOOKUP(C10,Merchants!$A$2:$D$41,3,FALSE),"Merchant not found") | L10: =IFERROR(VLOOKUP(C10,Merchants!$A$2:$D$41,4,FALSE),"Merchant not found") | M10: =HLOOKUP(F10,Fee_Reference!$B$1:$E$2,2,FALSE) | N10: =SUMIFS($E$2:$E$548,$C$2:$C$548,C10,$I$2:$I$548,I10) | O10: =IF(J10="Merchant not found","Merchant not found",IF(AND(N10>5000,L10<>"East"),"High-Value Merchant Day","Normal Merchant Day"))
A11: TXN100009 | B11: 348 | C11: 35 | D11: 46043.684 | E11: 299 | F11: UPI | G11: captured | H11: 42 | I11: =INT(D11) | J11: =IFERROR(VLOOKUP(C11,Merchants!$A$2:$D$41,2,FALSE),"Merchant not found") | K11: =IFERROR(VLOOKUP(C11,Merchants!$A$2:$D$41,3,FALSE),"Merchant not found") | L11: =IFERROR(VLOOKUP(C11,Merchants!$A$2:$D$41,4,FALSE),"Merchant not found") | M11: =HLOOKUP(F11,Fee_Reference!$B$1:$E$2,2,FALSE) | N11: =SUMIFS($E$2:$E$548,$C$2:$C$548,C11,$I$2:$I$548,I11) | O11: =IF(J11="Merchant not found","Merchant not found",IF(AND(N11>5000,L11<>"East"),"High-Value Merchant Day","Normal Merchant Day"))
A12: TXN100010 | B12: 134 | C12: 12 | D12: 46023.164 | E12: 49 | F12: UPI | G12: captured | H12: 74 | I12: =INT(D12) | J12: =IFERROR(VLOOKUP(C12,Merchants!$A$2:$D$41,2,FALSE),"Merchant not found") | K12: =IFERROR(VLOOKUP(C12,Merchants!$A$2:$D$41,3,FALSE),"Merchant not found") | L12: =IFERROR(VLOOKUP(C12,Merchants!$A$2:$D$41,4,FALSE),"Merchant not found") | M12: =HLOOKUP(F12,Fee_Reference!$B$1:$E$2,2,FALSE) | N12: =SUMIFS($E$2:$E$548,$C$2:$C$548,C12,$I$2:$I$548,I12) | O12: =IF(J12="Merchant not found","Merchant not found",IF(AND(N12>5000,L12<>"East"),"High-Value Merchant Day","Normal Merchant Day"))
A13: TXN100011 | B13: 306 | C13: 28 | D13: 46031.046 | E13: 2999 | F13: Card | G13: failed | H13: 44 | I13: =INT(D13) | J13: =IFERROR(VLOOKUP(C13,Merchants!$A$2:$D$41,2,FALSE),"Merchant not found") | K13: =IFERROR(VLOOKUP(C13,Merchants!$A$2:$D$41,3,FALSE),"Merchant not found") | L13: =IFERROR(VLOOKUP(C13,Merchants!$A$2:$D$41,4,FALSE),"Merchant not found") | M13: =HLOOKUP(F13,Fee_Reference!$B$1:$E$2,2,FALSE) | N13: =SUMIFS($E$2:$E$548,$C$2:$C$548,C13,$I$2:$I$548,I13) | O13: =IF(J13="Merchant not found","Merchant not found",IF(AND(N13>5000,L13<>"East"),"High-Value Merchant Day","Normal Merchant Day"))
... A548: TXN300031 | B548: 345 | C548: 12 | D548: 46045.377 | E548: 399 | F548: Card | G548: captured | H548: 69 | I548: =INT(D548) | J548: =IFERROR(VLOOKUP(C548,Merchants!$A$2:$D$41,2,FALSE),"Merchant not found") | K548: =IFERROR(VLOOKUP(C548,Merchants!$A$2:$D$41,3,FALSE),"Merchant not found") | L548: =IFERROR(VLOOKUP(C548,Merchants!$A$2:$D$41,4,FALSE),"Merchant not found") | M548: =HLOOKUP(F548,Fee_Reference!$B$1:$E$2,2,FALSE) | N548: =SUMIFS($E$2:$E$548,$C$2:$C$548,C548,$I$2:$I$548,I548) | O548: =IF(J548="Merchant not found","Merchant not found",IF(AND(N548>5000,L548<>"East"),"High-Value Merchant Day","Normal Merchant Day"))

Sheet Merchants
A1: merchant_id | B1: merchant_name | C1: category | D1: region
A2: 1 | B2: Merchant_001 | C2: ecommerce | D2: South
A3: 2 | B3: Merchant_002 | C3: grocery | D3: West
A4: 3 | B4: Merchant_003 | C4: grocery | D4: East
A5: 4 | B5: Merchant_004 | C5: ecommerce | D5: East
A6: 5 | B6: Merchant_005 | C6: recharge | D6: South
A7: 6 | B7: Merchant_006 | C7: food_delivery | D7: South
A8: 7 | B8: Merchant_007 | C8: food_delivery | D8: East
A9: 8 | B9: Merchant_008 | C9: food_delivery | D9: North
A10: 9 | B10: Merchant_009 | C10: ecommerce | D10: North
A11: 10 | B11: Merchant_010 | C11: grocery | D11: West
A12: 11 | B12: Merchant_011 | C12: ecommerce | D12: North
A13: 12 | B13: Merchant_012 | C13: ecommerce | D13: East
... A41: 40 | B41: Merchant_040 | C41: entertainment | D41: South

Sheet Fee_Reference
A1: Illustrative MDR-style fee assumptions (synthetic; not actual Paytm commercial rates) | B1: UPI | C1: Wallet | D1: Card | E1: Netbanking
A2: Fee % | B2: 0 | C2: 0.01 | D2: 0.015 | E2: 0.01
A4: HLOOKUP demonstration
A5: Enter/use payment_method horizontally; Transactions_View column M uses:
A6: =HLOOKUP(F2,Fee_Reference!$B$1:$E$2,2,FALSE)

Sheet Daily_Merchant_Summary
A1: merchant_id | B1: transaction_date | C1: daily_transaction_total_inr | D1: transaction_count
A2: 1 | B2: 46027 | C2: 1499 | D2: 1
A3: 1 | B3: 46028 | C3: 149 | D3: 1
A4: 1 | B4: 46031 | C4: 5048 | D4: 2
A5: 1 | B5: 46033 | C5: 299 | D5: 1
A6: 1 | B6: 46034 | C6: 149 | D6: 1
A7: 1 | B7: 46039 | C7: 149 | D7: 1
A8: 1 | B8: 46045 | C8: 3148 | D8: 2
A9: 2 | B9: 46029 | C9: 499 | D9: 1
A10: 2 | B10: 46030 | C10: 299 | D10: 1
A11: 2 | B11: 46034 | C11: 348 | D11: 2
A12: 2 | B12: 46035 | C12: 49 | D12: 1
A13: 2 | B13: 46037 | C13: 1499 | D13: 1
... A444: 40 | B444: 46052 | C444: 499 | D444: 1

Sheet Pivot_Merchant_Status
A1: merchant_id | B1: sum_captured | C1: sum_chargeback | D1: sum_failed | E1: count_captured | F1: count_chargeback | G1: count_failed
A2: 1 | B2: 10142 | C2: 0 | D2: 299 | E2: 8 | F2: 0 | G2: 1
A3: 2 | B3: 3640 | C3: 0 | D3: 0 | E3: 10 | F3: 0 | G3: 0
A4: 3 | B4: 8084 | C4: 149 | D4: 0 | E4: 16 | F4: 1 | G4: 0
A5: 4 | B5: 6941 | C5: 0 | D5: 0 | E5: 9 | F5: 0 | G5: 0
A6: 5 | B6: 5340 | C6: 0 | D6: 499 | E6: 10 | F6: 0 | G6: 1
A7: 6 | B7: 6637 | C7: 799 | D7: 0 | E7: 13 | F7: 1 | G7: 0
A8: 7 | B8: 11638 | C8: 1999 | D8: 2297 | E8: 12 | F8: 1 | G8: 3
A9: 8 | B9: 7086 | C9: 49 | D9: 299 | E9: 14 | F9: 1 | G9: 1
A10: 9 | B10: 4485 | C10: 0 | D10: 497 | E10: 15 | F10: 0 | G10: 3
A11: 10 | B11: 7639 | C11: 5048 | D11: 399 | E11: 11 | F11: 2 | G11: 1
A12: 11 | B12: 9292 | C12: 149 | D12: 1499 | E12: 8 | F12: 1 | G12: 1
A13: 12 | B13: 9389 | C13: 0 | D13: 998 | E13: 11 | F13: 0 | G13: 2
... A41: 40 | B41: 3039 | C41: 5148 | D41: 548 | E41: 11 | F41: 2 | G41: 2

Sheet Merchant_Day_Comparison
A1: merchant_id | B1: total_transaction_count | C1: unique_days_transacted | D1: transactions_per_active_day
A2: 1 | B2: 9 | C2: 7 | D2: 1.2857143
A3: 2 | B3: 10 | C3: 9 | D3: 1.1111111
A4: 3 | B4: 17 | C4: 13 | D4: 1.3076923
A5: 4 | B5: 9 | C5: 7 | D5: 1.2857143
A6: 5 | B6: 11 | C6: 9 | D6: 1.2222222

Sheet Instructions
A1: Part A rule | B1: High-Value Merchant Day = merchant daily transaction total > INR 5,000 AND merchant region is not East.
A2: VLOOKUP | B2: Transactions_View columns J:L use fixed Merchants!$A$2:$D$41 with IFERROR.
A3: HLOOKUP | B3: Transactions_View column M uses Fee_Reference!$B$1:$E$2. Fee rates are synthetic assumptions only.
A4: Daily total | B4: Transactions_View column N uses SUMIFS by merchant_id and transaction_date.
A5: Nested IF / AND | B5: Transactions_View column O uses IF/AND to apply the documented classification rule.
A6: Pivot requirement | B6: Pivot_Merchant_Status contains the merchant/status amount and count summary. It is a pivot-style static summary generated from the exact ledger; if your assessor requires a native Excel PivotTable object, open the source Transactions_View table in Excel and insert a PivotTable using merchant_id as Rows, status as Columns, and amount_inr/count(transaction_id) as Values.
A7: Unique-day comparison | B7: Merchant_Day_Comparison compares total transaction count with unique active days for five merchants.
